AREAID,NAME,COID,REGID,Pop2010,total_aid,aid_per_cap,aid_leftover,total_tax,tax_per_capita,AIDS,education_aid,total_hs_aid,co_hwy_aid,city_hwy_aid,town_hwy,total_hwy,total_lga,reducation_aid,community_correction_aid,co_program_aid,prop_tax_creditshomestead_credit,Homestead Market value credit,ag_credit,taconite_credit,misc_proptax_credits,prop_tax_refunds,home_proptax_refund,renter_proptax_refund,targ_proptax_refund,proptax_levy,total_ntc_levy,total_mkt_value_levy,state_levy,proptax_credits,net_proptax_payable,taxes,income_tax,sales_tax,vehicle_tax,excise_tax,license_tax,gas_tax,corp_tax,state_prop_tax
27173,Yellow Medicine,87.00,7.00,10438.00,28626860.01,2742.56,-1636.03,45703750.60,4378.59,27622611.65,13230463.98,8268954.67,2978607.00,0.00,657125.00,3635732.00,1978994.00,91283.00,127337.93,508467.00,662335.00,429912.00,232423.00,0.00,0.00,341913.37,222844.76,116447.11,2621.49,29147940.00,13231774.00,864969.00,477227.00,662335.00,13911635.00,16555810.60,8413564.00,3260382.00,2368575.44,1111373.40,1257202.04,2036062.15,909428.05,477227.00
27171,Wright,86.00,9.00,124700.00,232157517.60,1861.73,-2752.69,575418272.48,4614.42,219128913.29,154835115.58,47633868.71,7554370.00,2830136.00,383781.00,10768287.00,2537184.00,16509.00,1303218.29,3354458.00,4565098.00,3914272.00,631404.00,0.00,19422.00,8463506.32,6441841.38,1963907.44,57757.50,334338186.00,136680416.00,16423468.00,14065209.00,4565098.00,162603995.00,241080086.48,119416705.00,61198799.54,23956197.66,11185527.03,12770670.63,22443175.28,6662925.86,14065209.00
27169,Winona,85.00,12.00,51461.00,94829714.43,1842.75,-1757.51,185272712.59,3600.25,90007370.31,41955039.59,28637884.72,4508698.00,1267009.00,286509.00,6062216.00,10817186.00,94249.00,587208.29,2535044.00,2297333.00,1928385.00,307348.00,0.00,61600.00,2525011.11,1640426.72,876036.83,8547.56,99957198.00,37589641.00,7982015.00,4406943.00,2297333.00,47681266.00,85315514.59,38843273.00,24614990.23,8366323.71,3952899.41,4413424.30,9083984.65,4395253.72,4406943.00
27167,Wilkin,84.00,4.00,6576.00,19631185.21,2985.28,-1735.17,31041663.39,4720.45,18957984.30,7915282.04,6165523.26,2880638.00,0.00,464121.00,3344759.00,1433995.00,24035.00,183674.29,98425.00,539131.00,275839.00,114318.00,0.00,148974.00,134069.91,67482.39,65669.70,917.83,19505572.00,8676369.00,748040.00,328377.00,539131.00,9213655.00,11536091.39,5902964.00,1283208.66,1549777.06,723902.77,825874.29,2471764.66,371032.22,328377.00
27165,Watonwan,83.00,11.00,11211.00,29604042.54,2640.62,-1090.89,41834018.60,3731.52,28636187.17,14437522.25,7763184.92,2868912.00,0.00,228078.00,3096990.00,2534755.00,10749.00,159875.29,803735.00,692018.00,528672.00,163346.00,0.00,0.00,275837.37,155129.43,119196.71,1511.24,25667516.00,11500329.00,797107.00,536322.00,692018.00,12141740.00,16166502.60,7433278.00,3406310.14,2256540.36,1089995.79,1166544.57,2534052.10,575548.38,536322.00
27163,Washington,82.00,13.00,238136.00,410455900.72,1723.62,-3856.09,1328730143.17,5579.71,388300990.09,285184521.19,81744189.90,7837905.00,6517036.00,72918.00,14427859.00,1437769.00,903.00,2365035.00,5506651.00,5028202.00,4855362.00,154748.00,0.00,18092.00,17126708.63,12357229.76,4631862.53,137616.35,726000482.00,285585967.00,46574752.00,30839522.00,5028202.00,357972039.00,602729661.17,363922540.00,124771461.73,49935566.79,22500340.70,27435226.09,33260570.65,15394921.49,30839522.00
27161,Waseca,81.00,11.00,19136.00,42441409.71,2217.88,-1570.03,72485509.42,3787.91,40319740.75,21859931.14,11156266.62,2653560.00,294692.00,167381.00,3115633.00,3367953.00,27442.00,315472.29,819957.00,1189827.00,854677.00,212068.00,0.00,123082.00,931841.96,586416.50,341135.56,4289.90,43404144.00,19250569.00,1026415.00,1425088.00,1189827.00,20512245.00,29081365.42,14712874.00,6458300.00,3679122.79,1765271.37,1913851.42,2805980.63,1259942.25,1425088.00
27159,Wadena,80.00,5.00,13843.00,38415060.26,2775.05,-755.38,48871756.50,3530.43,36668394.19,17627832.76,13727657.43,2524942.00,0.00,203507.00,2728449.00,1793135.00,93740.00,278888.82,791320.00,1022516.00,760596.00,261920.00,0.00,0.00,724150.07,445555.41,271357.85,7236.81,28042462.00,12116612.00,904888.00,999731.00,1022516.00,12998715.00,20829294.50,6684431.00,8026654.05,2795006.85,1379112.28,1415894.57,2323471.60,968496.44,999731.00
27157,Wabasha,79.00,12.00,21676.00,43160970.56,1991.19,-2094.98,88571770.93,4086.17,40614232.02,21051825.13,11547491.46,4431303.43,204621.00,153876.00,4789800.43,2382839.00,40202.00,444557.29,842276.00,1246130.00,981578.00,264552.00,0.00,0.00,1300608.55,996470.99,297418.59,6718.96,55446224.00,23724462.00,2716645.00,1282005.00,1246130.00,26476982.00,33125546.93,17720504.00,6103525.00,4855809.89,2323097.87,2532712.02,3163703.04,1073382.52,1282005.00
27155,Traverse,78.00,4.00,3558.00,12754102.51,3584.63,-2613.12,22051579.45,6197.75,12487408.68,5113458.89,3534716.80,2501690.00,0.00,241143.00,2742833.00,959836.00,38958.00,117255.29,136564.00,168748.00,74754.00,91990.00,0.00,2004.00,97945.83,61565.91,36379.93,0.00,16097082.00,7334624.00,366888.00,347029.00,168748.00,7879793.00,5954497.45,2966179.00,1120947.44,823733.85,381901.91,441831.93,696608.17,130394.47,347029.00
27153,Todd,77.00,5.00,24895.00,58943485.68,2367.68,-706.09,76521494.08,3073.77,55515887.10,28665373.43,19294539.55,3377343.12,0.00,452505.00,3829848.12,2523867.00,133019.00,566921.18,1202259.00,2077861.00,1406235.00,671626.00,0.00,0.00,1349737.59,1053125.82,284945.01,11666.76,50906352.00,22475540.00,1676222.00,1301414.00,2077861.00,23375315.00,25615142.08,11201792.00,4443096.05,4212750.18,2103265.90,2109484.28,4456089.86,817995.06,1301414.00
27151,Swift,76.00,7.00,9783.00,27421626.43,2802.99,-2251.13,49444461.29,5054.12,26580050.18,11706725.83,8820549.35,2900500.00,0.00,611200.00,3511700.00,1979605.00,48958.00,216411.59,561470.00,628376.00,429332.00,199044.00,0.00,0.00,213200.25,88366.05,124834.20,0.00,31169992.00,13092033.00,937000.00,1555963.00,628376.00,14956620.00,18274469.29,8122030.00,4369112.00,2272762.87,1073436.59,1199326.28,1954601.42,612707.26,1555963.00
27149,Stevens,75.00,4.00,9726.00,22337074.15,2296.64,-2092.82,42691811.51,4389.45,21552624.44,10028684.17,5481702.27,2238413.00,213458.00,224513.00,2676384.00,2549388.00,110792.00,121107.29,816466.00,490537.00,344656.00,145504.00,0.00,377.00,293912.70,167825.61,126087.09,0.00,24771386.00,10523084.00,1132688.00,729921.00,490537.00,11895156.00,17920425.51,8259791.00,5484651.13,1982478.79,911726.85,1070751.94,1463583.59,773062.86,729921.00
27147,Steele,74.00,12.00,36576.00,82949942.23,2267.88,-2322.22,167887575.37,4590.10,78933074.07,44455199.79,23064755.90,4483307.38,984525.00,283707.00,5751539.38,4092505.00,64913.00,541187.29,1569074.00,1805805.00,1577884.00,227921.00,0.00,0.00,2211063.16,1400079.57,806340.06,4643.53,91628678.00,37986101.00,4047275.00,3780963.00,1805805.00,44008534.00,76258897.37,31687864.00,26154512.28,6993990.93,3320161.97,3673828.96,7641567.16,4546880.93,3780963.00
27145,Stearns,73.00,9.00,150642.00,277800440.13,1844.11,-2654.82,677727261.73,4498.93,262584189.60,149084526.22,77556620.94,10031833.44,3402033.00,628116.00,14061982.44,15521214.00,110210.00,2482703.00,6359846.00,5665971.00,4725576.00,934056.00,0.00,6339.00,9550279.53,5889833.66,3600625.03,59820.84,365895810.00,148322767.00,15254199.00,19370939.00,5665971.00,177281934.00,311831451.73,131327092.00,105818028.45,28367664.46,13349539.73,15018124.74,26947727.81,17292516.47,19370939.00
27143,Sibley,72.00,11.00,15226.00,34016549.93,2234.11,-1860.01,62336994.03,4094.11,32104407.08,17908907.02,8120526.07,2851138.00,0.00,491832.00,3342970.00,2458978.00,120368.00,182153.29,273026.00,1006112.00,700105.00,306007.00,0.00,0.00,906030.85,689947.38,211048.03,5035.44,42177300.00,19153730.00,1210909.00,724011.00,1006112.00,20082538.00,20159694.03,11525818.00,2224996.75,2854246.34,1371949.65,1482296.69,2830621.94,592353.69,724011.00
27141,Sherburne,71.00,9.00,88499.00,167636531.50,1894.22,-2728.76,409129236.16,4622.98,158203123.23,115870589.10,34139590.93,3603797.20,1348314.00,220459.00,5172570.20,402100.00,14116.00,924504.29,2618273.00,3090526.00,2927347.00,156599.00,0.00,6580.00,6342882.26,4832315.09,1428671.17,81896.00,250711068.00,103312432.00,12486216.00,9556886.00,3090526.00,122265008.00,158418168.16,83671677.00,34969125.75,16623628.92,7786824.56,8836804.35,13596850.50,4041886.98,9556886.00
27139,Scott,70.00,13.00,129928.00,229872128.56,1769.23,-3732.17,714786103.79,5501.40,216953180.70,158625602.00,43687346.33,7469037.37,3190242.00,164014.00,10823293.37,734937.00,21612.00,1109597.00,3082002.00,2653454.00,2426642.00,215250.00,0.00,11562.00,10265493.86,7878457.52,2325785.87,61250.47,411745274.00,165388155.00,25080810.00,15403672.00,2653454.00,203219183.00,303040829.79,170981874.00,72530462.06,25504023.73,11385872.55,14118151.18,18620798.00,9589692.20,15403672.00
27137,St. Louis,69.00,3.00,200226.00,485414791.82,2424.33,-1842.71,854372596.57,4267.04,458190565.44,193150488.59,174548900.85,21495539.00,7081158.00,366107.00,28942804.00,51739472.00,9135066.00,4915392.48,9808900.00,16633031.00,7835409.00,142834.00,8646457.00,8331.00,10591195.38,5350662.29,5005368.35,235164.74,450763458.00,193719161.00,11523227.00,20139341.00,16633031.00,208748698.00,403609138.57,160378470.00,153950253.36,36719687.01,17317283.77,19402403.24,32421387.20,18187169.52,20139341.00
27135,Roseau,68.00,1.00,15629.00,38940951.79,2491.58,-1030.67,55049342.52,3522.26,37240682.20,21486610.53,8471060.67,4100291.00,0.00,692505.00,4792796.00,1648365.00,6213.00,198687.29,841850.00,1178653.00,882612.00,291636.00,0.00,4405.00,521616.59,368856.94,149667.66,3091.99,32026718.00,14229051.00,949360.00,834948.00,1178653.00,14834706.00,23022624.52,10834038.00,5633995.09,3189631.25,1556010.16,1633621.09,2530012.18,1209880.54,834948.00
27133,Rock,67.00,10.00,9687.00,24648043.56,2544.45,-1191.39,36188997.54,3735.83,23721413.70,11904019.92,5796113.88,3661827.90,0.00,485106.00,4146933.90,1517529.00,15095.00,116980.54,356817.00,723994.00,546681.00,177313.00,0.00,0.00,202635.87,80127.14,122508.72,0.00,21104500.00,8908801.00,1142091.00,501358.00,723994.00,9828256.00,15084497.54,6903473.00,3058646.00,2008602.80,938497.26,1070105.54,2612417.73,427039.35,501358.00
27131,Rice,66.00,12.00,64142.00,121783985.64,1898.66,-1889.43,242975642.27,3788.09,116075884.28,66594684.25,33089211.73,4324225.30,1462884.00,262644.00,6049753.30,7555155.00,75230.00,988727.00,2787080.00,2139731.00,1742895.00,396836.00,0.00,0.00,3568370.36,2289282.43,1233439.48,45648.45,140088222.00,55054302.00,8801556.00,6188253.00,2139731.00,67904380.00,102887420.27,50564819.00,24624735.74,10977834.70,5200089.96,5777744.75,10531777.82,4473379.08,6188253.00
27129,Renville,65.00,6.00,15730.00,37810904.42,2403.74,-2454.47,76419780.48,4858.22,36292630.18,15696223.19,11937381.01,4773645.99,0.00,666472.00,5440117.99,2985582.00,145867.00,256479.29,233326.00,1074800.00,737136.00,337664.00,0.00,0.00,443474.24,245953.03,194165.25,3355.96,47807688.00,20336622.00,1982319.00,1584903.00,1074800.00,22829044.00,28612092.48,15459850.00,4372927.91,3600262.25,1682315.51,1917946.75,3594149.32,926796.27,1584903.00
27127,Redwood,64.00,10.00,16059.00,39551040.70,2462.86,-1983.38,71402170.75,4446.24,38021651.83,18552874.28,11417905.14,4038845.41,263181.00,681703.00,4983729.41,2635983.00,98317.00,244438.29,431160.00,991518.00,676518.00,315000.00,0.00,0.00,537870.87,307144.81,228629.47,2096.59,41756682.00,18940546.00,1069427.00,868368.00,991518.00,19886823.00,29645488.75,13253763.00,8691559.28,3597847.63,1685935.00,1911912.64,3233950.84,929655.13,868368.00
27125,Red Lake,63.00,1.00,4089.00,13192161.87,3226.26,-527.70,15349917.07,3753.95,12776408.59,6226056.69,2814984.90,2238413.00,0.00,130406.00,2368819.00,738254.00,129174.00,20816.83,628294.00,295034.00,186884.00,108150.00,0.00,0.00,120719.28,82210.57,38508.71,0.00,9324664.00,3690062.00,540735.00,431535.00,295034.00,4367298.00,6025253.07,2443101.00,1399376.00,930378.41,448833.24,481545.17,820862.66,122058.23,431535.00
27123,Ramsey,62.00,13.00,508640.00,1308826296.20,2573.19,-3016.87,2843327888.78,5590.06,1247946257.70,659088428.45,488553756.25,15726979.00,17122505.00,18295.00,32867779.00,54995862.00,593314.00,9918774.00,12440432.00,10915615.00,10915146.00,469.00,0.00,0.00,49964423.50,28673592.75,21094677.11,196153.64,1639566126.00,651570813.00,77399258.00,90812992.00,10915615.00,808867448.00,1203761762.78,530568103.00,429868591.58,85356619.59,39799510.17,45557109.42,67155456.61,86923251.30,90812992.00
27121,Pope,61.00,4.00,10995.00,25888586.49,2354.58,-1979.45,47652657.90,4334.03,24589523.78,12132469.39,7919682.39,2748459.00,0.00,314739.00,3063198.00,1147079.00,49900.00,172237.29,327095.00,795063.00,575013.00,215788.00,0.00,4262.00,503999.70,322922.77,175409.80,5667.14,29775838.00,12777174.00,1172662.00,938083.00,795063.00,14092856.00,17876819.90,8701785.00,3834635.91,2350680.62,1113565.53,1237115.09,2051635.37,720838.03,938083.00
27119,Polk,60.00,1.00,31600.00,91433184.12,2893.46,-1237.88,130550110.95,4131.33,87618564.77,38158966.98,32478937.54,6645135.25,901885.00,1076718.00,8623738.25,6910341.00,117524.00,922398.44,1446581.00,2695599.00,1265608.00,409083.00,0.00,1020908.00,1119020.35,625811.98,488139.67,5068.69,78393928.00,34043665.00,2667624.00,2485675.00,2695599.00,36501365.00,52156182.95,23918680.00,13285441.30,6486478.31,3022797.97,3463680.34,5979908.35,1871624.87,2485675.00
27117,Pipestone,59.00,10.00,9596.00,25713843.08,2679.64,-960.55,34931281.75,3640.19,24911597.19,11449462.66,6973062.03,2684619.50,0.00,614068.00,3298687.50,2227255.00,142453.00,139591.29,963130.00,588691.00,413553.00,175138.00,0.00,0.00,213554.90,123158.03,88950.11,1446.76,20149624.00,8334989.00,1201781.00,538042.00,588691.00,9486121.00,14781657.75,6827686.00,3582362.50,2146637.25,1020967.89,1125669.36,1686930.00,624111.09,538042.00
27115,Pine,58.00,8.00,29750.00,63556664.12,2136.36,-1345.50,103585252.57,3481.86,60159529.91,29909995.56,20832160.57,6010249.78,0.00,397744.00,6407993.78,1810297.00,1980.00,539168.29,1199083.00,1957924.00,1483779.00,468529.00,0.00,5616.00,1439210.21,987876.11,438820.04,12514.06,64162382.00,27069795.00,2400511.00,2610885.00,1957924.00,30123267.00,39422870.57,13422294.00,9994536.00,5005661.39,2487047.11,2518614.28,8389494.18,1025376.41,2610885.00
27113,Pennington,57.00,1.00,13930.00,34296580.69,2462.07,-2131.62,63990056.48,4593.69,32955252.61,15950486.76,10514061.85,2462275.00,539261.00,158831.00,3160367.00,2509925.00,193672.00,310924.29,820412.00,781787.00,634748.00,147039.00,0.00,0.00,559541.07,321491.80,235800.55,2248.72,27157312.00,11496425.00,1103005.00,979226.00,781787.00,12796869.00,36832744.48,21115472.00,9956685.18,2714087.56,1296594.10,1417493.46,2067273.74,1718732.68,979226.00
27111,Otter Tail,56.00,4.00,57303.00,119996255.33,2094.07,-2397.41,257375133.32,4491.48,114114000.36,57730276.55,37400451.31,9564970.50,790575.00,1176161.00,11531706.50,6196442.00,31294.00,632875.29,1255124.00,3663254.00,2762194.00,901060.00,0.00,0.00,2219000.97,1293060.52,908100.79,17839.66,144022044.00,60515159.00,3983567.00,7512296.00,3663254.00,68347768.00,113353089.32,42760135.00,39659783.16,11277465.03,5419682.80,5857782.23,12143410.13,3505293.76,7512296.00
27109,Olmsted,55.00,12.00,144248.00,272627107.66,1889.99,-3479.05,774472893.63,5369.04,259555442.24,152336387.12,85720797.12,6005633.00,3444723.00,300802.00,9751158.00,6379113.00,32840.00,2156103.46,5367987.00,4900024.00,4475388.00,424636.00,0.00,0.00,8171641.42,4660871.22,3436344.76,74425.44,404288434.00,168538366.00,13905924.00,19699927.00,4900024.00,197244193.00,370184459.63,188000985.00,114682514.99,27143444.87,12493366.95,14650077.92,20657587.77,20250527.90,19699927.00
27107,Norman,54.00,1.00,6852.00,22701503.99,3313.12,-501.30,26136389.52,3814.42,22006295.55,10319080.91,6495595.64,3025880.00,0.00,388682.00,3414562.00,1231285.00,34754.00,74525.73,545772.00,507667.00,344381.00,163286.00,0.00,0.00,187541.44,105512.45,82028.99,0.00,15199922.00,6628653.00,789618.00,181690.00,507667.00,7092294.00,10936467.52,5570620.00,2220762.00,1491905.86,706960.29,784945.57,1471489.66,262034.95,181690.00
27105,Nobles,53.00,10.00,21378.00,55062840.49,2575.68,-1399.59,84983302.70,3975.27,53228501.24,29496615.86,13802243.89,4184761.50,386673.00,632852.00,5204286.50,3874206.00,161301.00,352948.46,851149.00,1109617.00,834729.00,274888.00,0.00,0.00,724722.24,403413.95,313742.02,7566.26,48082608.00,20017520.00,2419324.00,1604460.00,1109617.00,22931687.00,36900694.70,14317721.00,12337381.00,4152571.50,1974725.68,2177845.82,4488561.21,1847160.10,1604460.00
27103,Nicollet,52.00,11.00,32727.00,58458321.97,1786.24,-2005.16,124081303.35,3791.40,55427957.83,29452722.96,15512488.87,3511879.00,1039744.00,147975.00,4699598.00,4339367.00,27463.00,957366.29,1423781.00,1283755.00,1075231.00,208524.00,0.00,0.00,1746609.14,1033293.96,700919.00,12396.18,70409792.00,30080511.00,3040746.00,2083639.00,1283755.00,33921141.00,53671511.35,29481745.00,10584286.74,5742809.36,2675831.75,3066977.61,5779031.24,2536885.87,2083639.00
27101,Murray,51.00,10.00,8725.00,23684183.81,2714.52,-1545.80,37171314.23,4260.32,22851938.84,11570286.32,6274258.52,2938995.00,0.00,487127.00,3426122.00,1481811.00,66402.00,80848.29,99461.00,672263.00,444585.00,227678.00,0.00,0.00,159981.97,92943.33,66507.69,530.95,21617432.00,8775777.00,1312404.00,720535.00,672263.00,10136453.00,15553882.23,7999448.00,3081619.83,2161829.49,1003740.63,1158088.86,1590449.91,382183.05,720535.00
27099,Mower,50.00,12.00,39163.00,101329515.61,2587.38,-906.15,136816929.95,3493.53,97358224.45,49549342.72,30715258.16,4577814.57,969423.00,782864.00,6330101.57,8588582.00,392004.00,634233.29,2174940.00,2391520.00,2091326.00,300194.00,0.00,0.00,1579771.16,638332.70,907416.47,34022.00,73964478.00,30818595.00,3953786.00,2209858.00,2391520.00,34590719.00,62852451.95,31527485.00,15720311.01,7110343.10,3434963.44,3675379.66,6284454.84,2869386.70,2209858.00
27097,Morrison,49.00,5.00,33198.00,77979846.54,2348.93,-1230.84,118841249.08,3579.77,73493470.68,40929201.64,22045440.37,5015666.68,507136.00,512144.00,6034946.68,3153799.00,61029.00,381804.31,1330083.00,2598323.00,1860793.00,737530.00,0.00,0.00,1888052.86,1262776.24,615121.10,10155.52,71078860.00,29327309.00,3360556.00,2851565.00,2598323.00,32941107.00,47762389.08,18581866.00,12470982.46,6479931.37,3176812.01,3303119.36,7378044.25,1476602.24,2851565.00
27095,Mille Lacs,48.00,8.00,26097.00,55738163.43,2135.81,-1400.27,92280991.94,3536.08,52516561.32,25008403.33,19609496.85,4707473.14,330183.00,184003.00,5221659.14,1462852.00,48957.00,642729.29,1214150.00,1470035.00,1192322.00,276497.00,0.00,1216.00,1751567.11,1252198.77,485043.81,14324.52,56100594.00,25259174.00,1185432.00,1605691.00,1470035.00,26580262.00,36180397.94,14243181.00,8773392.24,5314110.57,2630475.14,2683635.43,6244023.13,1276696.95,1605691.00
27093,Meeker,47.00,6.00,23300.00,52740058.74,2263.52,-1746.74,93439128.68,4010.26,49787054.20,28750614.45,14092379.75,2824339.00,281060.00,331428.00,3436827.00,2728738.00,32123.00,531163.29,778495.00,1412288.00,1084820.00,322606.00,0.00,4862.00,1540716.54,1186162.48,332410.40,22143.67,57845298.00,24855232.00,2368969.00,1698448.00,1412288.00,27510361.00,35593830.68,17234602.00,8389035.98,4460585.78,2140518.46,2320067.32,3811158.92,1115810.06,1698448.00
27091,Martin,46.00,11.00,20840.00,50941583.95,2444.41,-1900.36,90545166.46,4344.78,49060364.88,21739768.76,16297544.12,4028499.00,577086.00,429730.00,5035315.00,5181619.00,100198.00,437667.29,806118.00,1201338.00,936585.00,264753.00,0.00,0.00,679881.07,290875.74,383812.72,5192.61,51639848.00,21549915.00,1844816.00,2425193.00,1201338.00,24618586.00,38905318.46,18158180.00,9113511.29,4570119.23,2137354.14,2432765.09,4638314.94,2049513.14,2425193.00
27089,Marshall,45.00,1.00,9439.00,28827469.25,3054.08,-1109.81,39302958.06,4163.89,27853448.58,13559792.41,6807310.17,4377564.00,0.00,829492.00,5207056.00,1351990.00,11061.00,146724.29,927300.00,870758.00,494581.00,307247.00,0.00,68930.00,103262.68,34651.81,68610.87,0.00,21889902.00,8875596.00,936633.00,1132722.00,870758.00,10074193.00,17413056.06,9084806.00,2468567.32,2386178.33,1104316.31,1281862.03,2340782.41,354606.42,1132722.00
27087,Mahnomen,44.00,2.00,5413.00,21611666.43,3992.55,534.25,18719787.01,3458.30,21224349.59,8451560.60,8976806.99,2238413.00,0.00,135272.00,2373685.00,560118.00,123854.00,211656.29,862179.00,287231.00,186672.00,100559.00,0.00,0.00,100085.84,60988.07,39097.77,0.00,12054850.00,5707693.00,104210.00,215522.00,287231.00,5740194.00,6664937.01,1528861.00,2997381.00,817376.98,392821.91,424555.07,1105796.03,264666.11,215522.00
27085,McLeod,43.00,6.00,36651.00,75117198.36,2049.53,-2118.63,152767059.51,4168.16,70521413.60,39663323.90,20452815.20,3450254.50,773835.00,297451.00,4521540.50,4372485.00,135454.00,491083.29,1511249.00,1797021.00,1454697.00,342324.00,0.00,0.00,2798763.76,2029207.29,745012.96,24543.51,88791922.00,37326909.00,4568149.00,2500903.00,1797021.00,42598940.00,63975137.51,30419219.00,18359155.50,7434209.21,3535434.89,3898774.32,5261650.80,3793988.23,2500903.00
27083,Lyon,42.00,10.00,25857.00,60631727.65,2344.89,-2380.47,122183576.57,4725.36,58406244.23,30285820.77,18594097.70,3362470.75,561922.00,440790.00,4365182.75,4161744.00,60761.00,760353.29,999399.00,1123993.00,885367.00,238626.00,0.00,0.00,1101490.42,547581.70,552993.92,914.80,65441306.00,27271397.00,2338844.00,3110412.00,1123993.00,31596660.00,56742270.57,22675137.00,21565473.68,5198431.16,2426693.09,2771738.07,4192816.73,2771818.55,3110412.00
27081,Lincoln,41.00,10.00,5896.00,15101937.05,2561.39,-1765.51,25511375.33,4326.90,14487137.85,6272314.23,4239888.62,2238413.00,0.00,448937.00,2687350.00,1049452.00,63907.00,134633.29,238133.00,453816.00,288697.00,165119.00,0.00,0.00,160983.20,122850.46,38132.74,0.00,16983358.00,7263692.00,726496.00,501491.00,453816.00,8037863.00,8528017.33,3646657.00,1926181.00,1315317.79,624954.47,690363.32,1138370.55,242054.54,501491.00
27079,Le Sueur,40.00,11.00,27703.00,56674899.30,2045.80,-1942.38,110484675.33,3988.18,53474629.10,30395596.76,15410319.35,3850312.00,0.00,130448.00,3980760.00,2871453.00,158011.00,325923.29,816500.00,1430267.00,1160268.00,269999.00,0.00,0.00,1770003.20,1369062.16,375162.34,25778.70,68722856.00,28841415.00,3608697.00,1911316.00,1430267.00,32931161.00,41761819.33,23347053.00,5783347.08,6461561.90,3071247.49,3390314.40,4258541.34,1285634.05,1911316.00
27077,Lake of the Woods,39.00,2.00,4045.00,12209022.66,3018.30,-2056.13,20526063.94,5074.43,11756051.32,5363686.64,3027952.68,2619675.00,0.00,142387.00,2762062.00,331611.00,19567.00,124466.29,270739.00,299582.00,238529.00,61053.00,0.00,0.00,153389.34,107938.75,42178.26,3272.33,12501416.00,5409293.00,396643.00,444772.00,299582.00,5951126.00,8024647.94,2456765.00,3487701.00,864986.47,422006.52,442979.95,770423.47,169830.32,444772.00
27075,Lake,38.00,3.00,10866.00,25607557.35,2356.67,-3235.18,60761014.55,5591.85,23575148.67,8083280.19,10051201.54,3691017.94,0.00,59128.00,3750145.94,1570368.00,218576.00,92153.77,120153.00,1643511.00,493841.00,4014.00,1145656.00,0.00,388897.68,207403.62,170173.88,11320.18,36505288.00,16289926.00,180544.00,1782174.00,1643511.00,16609133.00,24255726.55,7697973.00,9858402.63,2313175.68,1094458.21,1218717.47,2604001.24,621581.12,1782174.00
27073,Lac qui Parle,37.00,7.00,7259.00,20717351.64,2854.02,-1312.96,30248114.19,4166.98,19979868.17,8504292.50,5892690.67,3247067.00,0.00,503682.00,3750749.00,1477832.00,125246.00,102686.49,354304.00,588362.00,369840.00,218522.00,0.00,0.00,149121.47,83973.31,64289.78,858.38,18656772.00,8412194.00,650959.00,265233.00,588362.00,8740024.00,11591342.19,5726294.00,2287763.00,1729459.48,803014.56,926444.92,1582592.71,367389.07,265233.00
27071,Koochiching,36.00,3.00,13311.00,37533784.94,2819.76,-483.08,43964019.88,3302.83,36398575.86,15890621.78,11387949.08,3923339.00,249598.00,52092.00,4225029.00,4100606.00,318307.00,243351.64,794370.00,848319.00,728182.00,116938.00,3199.00,0.00,286890.07,95531.98,186352.87,5005.22,21059396.00,8653085.00,816109.00,1060504.00,848319.00,9681379.00,22904623.88,8704488.00,8302819.00,2719626.66,1292593.98,1427032.68,2117186.23,879359.40,1060504.00
27069,Kittson,35.00,1.00,4552.00,14216092.25,3123.04,-1919.08,22951730.84,5042.12,13880372.98,6112633.85,3077567.93,2947588.20,0.00,543746.00,3491334.20,886010.00,10841.00,127221.29,312827.00,281797.00,151389.00,130408.00,0.00,0.00,53922.28,16662.36,37259.92,0.00,14335636.00,5566002.00,578109.00,1023707.00,281797.00,6886021.00,8616094.84,3850285.00,1376795.22,1175216.41,541293.61,633922.80,1190091.21,171436.85,1023707.00
27067,Kandiyohi,34.00,6.00,42239.00,99589154.19,2357.75,-2330.50,198027155.86,4688.25,94819763.51,51725543.25,29676721.46,5513687.81,757468.00,399434.00,6670589.81,5193625.00,43972.00,763594.00,1553284.00,2069716.00,1733139.00,335283.00,0.00,1294.00,2699674.67,1654850.35,1016061.44,28762.89,109124792.00,45215373.00,5017544.00,4329479.00,2069716.00,52492680.00,88902363.86,35467938.00,33935746.26,8097717.37,3847424.03,4250293.34,7071483.23,3658963.92,4329479.00
27065,Kanabec,33.00,8.00,16239.00,36859051.03,2269.79,-979.48,52764902.81,3249.27,34545215.38,18322143.43,12206825.95,2238413.00,0.00,135133.00,2373546.00,869734.00,7646.00,390831.29,772966.00,1263601.00,941004.00,322597.00,0.00,0.00,1050234.65,780580.39,264176.53,5477.73,34330218.00,15729071.00,755223.00,680815.00,1263601.00,15901508.00,18434684.81,8521329.00,3876497.04,2653412.15,1319805.26,1333606.89,2702631.61,560545.68,680815.00
27063,Jackson,32.00,10.00,10266.00,26769715.76,2607.61,-2594.80,53407905.18,5202.41,25711452.04,12357069.01,6675703.03,3933911.00,0.00,475238.00,4409149.00,2093573.00,120836.00,156968.29,175958.00,794703.00,526823.00,267880.00,0.00,0.00,263560.72,161036.83,96674.39,5849.50,34368622.00,14563991.00,1653035.00,967285.00,794703.00,16389608.00,19039283.18,8056932.00,4003984.00,2260608.85,1056363.70,1204245.15,3750473.34,894229.28,967285.00
27061,Itasca,31.00,3.00,45058.00,106707983.61,2368.24,-2169.19,204447125.62,4537.42,98492819.68,47665251.77,37573874.01,8103362.90,690266.00,204934.00,8998562.90,3188286.00,288658.00,898495.29,1066845.00,6308376.00,1927273.00,173204.00,4206440.00,1459.00,1906787.93,1045578.70,759945.21,101264.02,126358348.00,55852985.00,1486802.00,5839387.00,6308376.00,56870798.00,78088777.62,30204685.00,25740272.00,8667080.13,4146019.90,4521060.23,7637353.49,2699240.14,5839387.00
27059,Isanti,30.00,8.00,37816.00,78632014.77,2079.33,-1844.72,148391915.14,3924.05,73978907.74,45063276.71,22663997.03,2847786.00,443520.00,226509.00,3517815.00,1163264.00,72363.00,734510.29,1570555.00,2087869.00,1549526.00,538343.00,0.00,0.00,2565238.03,1844016.44,701199.70,20021.89,82890562.00,37919405.00,1147016.00,2378860.00,2087869.00,39357412.00,65501353.14,29488055.00,21302707.06,6608742.78,3198260.97,3410481.81,5722988.30,1724526.30,2378860.00
27057,Hubbard,29.00,2.00,20428.00,44082137.48,2157.93,-2443.09,93989583.39,4601.02,42032254.27,24846089.40,12985461.88,3226061.99,0.00,278623.00,3504684.99,422960.00,0.00,166293.29,273058.00,1077369.00,922437.00,154932.00,0.00,0.00,972514.21,672577.10,286931.40,13005.71,60566800.00,24638631.00,1674198.00,3970571.00,1077369.00,29206031.00,33422783.39,12246067.00,9610259.28,3689409.12,1791044.46,1898364.65,3906476.99,772354.47,3970571.00
27055,Houston,28.00,12.00,19027.00,50951397.17,2677.85,-1148.57,72805214.76,3826.42,48520650.36,29458472.15,11124697.01,4056224.20,208152.00,603727.00,4868103.20,2163153.00,259912.00,296700.29,906225.00,1416283.00,1101736.00,314547.00,0.00,0.00,1014463.81,799130.53,205651.28,9682.00,44946724.00,19334121.00,2241333.00,897908.00,1416283.00,21057079.00,27858490.76,15412294.00,4668124.17,4061857.88,1928958.76,2132899.11,2818306.71,642010.60,897908.00
27053,Hennepin,27.00,13.00,1152425.00,2585890239.03,2243.87,-5414.42,8825601173.76,7658.29,2430294438.96,1309909353.09,963539674.87,33220687.00,35640814.00,15822.00,68877323.00,69634978.00,739914.00,18082253.00,18333110.00,17101528.00,16902328.00,113887.00,0.00,85313.00,138494272.07,93901982.75,44110752.50,481536.82,5042671090.00,1997567580.00,257294314.00,266473651.00,17101528.00,2504234017.00,3782930083.76,1842641203.00,1295300308.68,215452257.72,97916925.92,117535331.80,163062663.36,283191296.57,266473651.00
27051,Grant,26.00,4.00,6018.00,15704947.08,2609.66,-2392.86,30105174.42,5002.52,15030240.03,6115819.93,5535953.10,2238413.00,0.00,179866.00,2418279.00,820509.00,14227.00,114866.29,139679.00,414701.00,284022.00,126934.00,0.00,3745.00,260006.05,181868.05,76057.52,2080.47,19308096.00,8629128.00,661410.00,363510.00,414701.00,9239347.00,10797078.42,5304459.00,1771880.35,1485532.76,695831.92,789700.84,1871696.31,307466.82,363510.00
27049,Goodhue,25.00,12.00,46183.00,87191255.25,1887.95,-3280.25,238682905.85,5168.20,81840381.92,47602297.81,23865062.11,4854732.00,764485.00,532702.00,6151919.00,2894222.00,89670.00,794533.29,1326881.00,1950713.00,1450092.00,500621.00,0.00,0.00,3400160.33,2394273.52,973435.50,32451.32,150904670.00,63079456.00,7355599.00,5017280.00,1950713.00,73501622.00,87778235.85,43704842.00,19544188.72,9746905.53,4602857.41,5144048.12,9765019.60,4231900.11,5017280.00
27047,Freeborn,24.00,12.00,31255.00,74232418.05,2375.06,-2000.77,136766381.31,4375.82,70616935.34,37023196.91,21032778.44,4409686.00,774615.00,351258.00,5535559.00,5643536.00,105318.00,722788.29,1381865.00,1971671.00,1646276.00,325395.00,0.00,0.00,1643811.71,938639.32,700965.10,4207.29,79155980.00,32783795.00,3938305.00,2855890.00,1971671.00,37606319.00,57610401.31,21921631.00,18453288.54,5930747.79,2838973.72,3091774.08,8448843.98,2210697.30,2855890.00
27045,Fillmore,23.00,12.00,20866.00,46552680.60,2231.03,-1541.55,78718610.65,3772.58,44113490.40,20832535.73,12685751.17,5308931.50,0.00,774677.00,6083608.50,3693634.00,245070.00,70187.49,817961.00,1619505.00,1187346.00,432159.00,0.00,0.00,819685.19,570170.63,242927.59,6586.98,48296670.00,21138590.00,1924756.00,1084989.00,1619505.00,22528830.00,30421940.65,13260713.00,8012893.46,4711666.71,2253154.61,2458512.10,3351678.48,803384.51,1084989.00
27043,Faribault,22.00,11.00,14553.00,36611367.68,2515.73,-1477.41,58112106.88,3993.14,35233371.22,14832901.45,11380909.77,4108155.00,0.00,705703.00,4813858.00,3724407.00,181766.00,194072.29,481295.00,1002468.00,740491.00,261977.00,0.00,0.00,375528.46,225705.69,148934.16,888.61,33742368.00,14988975.00,1224232.00,657977.00,1002468.00,15868716.00,24369738.88,10632906.00,6201782.17,3418831.65,1612573.88,1806257.77,3458242.06,750451.29,657977.00
27041,Douglas,21.00,4.00,36009.00,69290205.06,1924.25,-3387.99,191288237.38,5312.23,65268041.24,35347707.58,22196780.66,3880053.00,724672.00,346358.00,4951083.00,1998619.00,13021.00,555813.29,773851.00,1667883.00,1332345.00,335538.00,0.00,0.00,2354280.82,1553397.85,778296.01,22586.96,105325080.00,43341097.00,3317925.00,6003518.00,1667883.00,50994657.00,85963157.38,31864628.00,32031460.78,7630714.23,3590768.13,4039946.09,8432836.37,3298247.63,6003518.00
27039,Dodge,20.00,12.00,20087.00,43404016.03,2160.80,-1726.93,78092845.93,3887.73,41414973.54,25612141.02,9105878.53,3093123.00,181387.00,297469.00,3571979.00,2383251.00,322320.00,210756.06,741724.00,1104120.00,887539.00,216581.00,0.00,0.00,884922.49,626943.44,250815.78,7163.27,47520570.00,21379952.00,1498046.00,882287.00,1104120.00,22656165.00,30572275.93,17995664.00,4600442.96,3858970.03,1848371.91,2010598.12,3234911.94,953221.77,882287.00
27037,Dakota,19.00,13.00,398552.00,759845588.51,1906.52,-3723.98,2244044941.24,5630.49,717940759.21,490632683.54,187516892.67,11703480.00,12662108.00,237843.00,24603431.00,2556871.00,4619.00,4870682.00,12630881.00,9232128.00,8867222.00,215517.00,0.00,149389.00,32672701.30,22206386.23,10440221.02,26094.04,1234536998.00,470011928.00,84834606.00,62421965.00,9232128.00,608036371.00,1009507943.24,532704175.00,276658014.46,80642747.25,36571614.52,44071132.72,57081041.53,44301963.48,62421965.00
27035,Crow Wing,18.00,5.00,62500.00,128013307.42,2048.21,-3573.76,351373375.89,5621.97,121116317.13,67671292.88,41792139.55,5217561.20,919335.50,379833.00,6516729.70,4531855.00,34299.00,1030442.95,604300.00,3392883.00,1986441.00,234150.00,1172292.00,0.00,3504107.29,2093274.11,1363672.48,47160.70,210873970.00,85687269.00,3553504.00,16196212.00,3392883.00,102044102.00,140499405.89,44582042.00,54645444.48,12750034.19,6042110.14,6707924.05,12325673.22,4858977.58,16196212.00
27033,Cottonwood,17.00,10.00,11687.00,34096817.54,2917.50,-1218.02,48331833.80,4135.52,32932272.61,14485031.98,12356890.63,2788193.00,0.00,368743.00,3156936.00,2461767.00,102302.00,243950.29,471647.00,767355.00,553715.00,213640.00,0.00,0.00,397189.93,236929.56,160260.37,0.00,29696694.00,12288583.00,1756830.00,802934.00,767355.00,14080992.00,18635139.80,9237927.00,3971085.84,2491524.95,1177582.36,1313942.59,2131668.01,823156.20,802934.00
27031,Cook,16.00,3.00,5176.00,11639094.81,2248.67,-4768.92,36323022.03,7017.59,10878097.12,5327378.62,2650265.69,2675959.81,0.00,2152.00,2678111.81,96422.00,0.00,101716.36,125919.00,612384.00,116401.00,5105.00,490878.00,0.00,148613.69,85820.76,59008.79,3784.14,21385304.00,8610646.00,101979.00,1980027.00,612384.00,10080268.00,14937718.03,3791335.00,6212808.00,1150877.77,540726.71,610151.06,1802670.26,332311.09,1980027.00
27029,Clearwater,15.00,2.00,8695.00,24705787.90,2841.38,-1065.12,33966974.10,3906.50,23739353.04,10843021.13,8339599.91,2765277.00,0.00,193898.00,2959175.00,605235.00,80317.00,201853.29,992322.00,740103.00,486731.00,253372.00,0.00,0.00,226331.86,136364.49,89967.37,0.00,21610760.00,8619662.00,360875.00,1824843.00,740103.00,10065277.00,12356214.10,4749784.00,2322699.00,1752133.20,856352.36,895780.84,1706754.90,439701.84,1824843.00
27027,Clay,14.00,4.00,58999.00,137192823.95,2325.34,-1118.42,203178653.25,3443.76,128226584.91,64978534.26,43548983.20,5337546.45,1535140.00,691414.00,7564100.45,9003789.00,28128.00,999995.29,3131178.00,6653856.00,2354033.00,260285.00,0.00,4039538.00,2312383.03,1042188.35,1263272.21,6922.48,110050676.00,49177226.00,1997604.00,3850508.00,6653856.00,48371482.00,93127977.25,42379670.00,26474543.88,10113873.71,4735336.74,5378536.97,10309381.67,2640108.50,3850508.00
27025,Chisago,13.00,8.00,53887.00,98771806.63,1832.94,-2527.52,234972343.14,4360.46,91789454.75,58667002.91,24599315.84,4472280.00,847041.00,192836.00,5512157.00,1467368.00,11319.00,1029264.29,1543611.00,2016983.00,1646307.00,362627.00,0.00,8049.00,4965368.89,4115108.73,817027.02,33233.13,144986744.00,64750151.00,3566685.00,4176536.00,2016983.00,70476389.00,89985599.14,49237218.00,14157681.85,11172663.87,5337423.63,5835240.24,11241499.42,2639842.85,4176536.00
27023,Chippewa,12.00,7.00,12441.00,33758528.33,2713.49,-2129.38,60250084.47,4842.87,32596617.83,16609426.42,9993324.62,2392901.80,208631.00,590566.00,3192098.80,2308783.00,146165.00,240544.00,492985.00,753088.00,571956.00,181132.00,0.00,0.00,408822.50,213250.52,193389.75,2182.23,33346180.00,14334535.00,1391761.00,946794.00,753088.00,15920002.00,26903904.47,13288476.00,7667665.54,2591035.57,1218851.03,1372184.54,2409933.35,975321.03,946794.00
27021,Cass,11.00,5.00,28567.00,68414468.87,2394.88,-2540.41,140986241.51,4935.28,65938972.29,33930776.79,25510035.66,4756836.84,0.00,387372.00,5144208.84,994935.00,16063.00,648984.29,359016.00,1292980.00,1083990.00,208990.00,0.00,0.00,1182516.58,841176.18,331167.75,10172.65,91162782.00,37310381.00,1324697.00,6946313.00,1292980.00,44288411.00,49823459.51,17535522.00,13583059.05,5215469.26,2500065.34,2715403.92,6543096.19,988053.08,6946313.00
27019,Carver,10.00,13.00,91042.00,150595646.24,1654.13,-4323.80,544243193.10,5977.94,141611809.57,103397560.85,28954261.72,5096916.00,1991432.00,177983.00,7266331.00,538372.00,5271.00,901917.29,1455284.00,2243490.00,1760717.00,287412.00,0.00,195361.00,6740346.67,5108618.96,1590266.39,41461.32,316740956.00,129236911.00,17927422.00,11206145.00,2243490.00,156126988.00,227502237.10,146763482.00,39430098.15,17877885.44,8003362.61,9874522.82,12224626.51,9512066.50,11206145.00
27017,Carlton,9.00,3.00,35386.00,83838863.36,2369.27,-1462.60,135594267.58,3831.86,79586313.31,42262251.85,27814786.46,3955190.00,554920.00,204964.00,4715074.00,3175567.00,654185.00,601291.76,1618634.00,1885077.00,1639862.00,243710.00,0.00,1505.00,2367473.06,1715730.52,614518.73,37223.80,81844698.00,36556188.00,1586847.00,2779314.00,1885077.00,39037272.00,53749569.58,23178042.00,13850576.41,6650651.98,3191928.29,3458723.69,7290985.20,1671093.41,2779314.00
27015,Brown,8.00,11.00,25893.00,54587956.11,2108.21,-1818.26,101668218.79,3926.48,51786825.58,22190053.13,17387800.45,3499640.00,585361.00,370999.00,4456000.00,6497685.00,68380.00,452887.29,1255287.00,1579455.00,1274167.00,305288.00,0.00,0.00,1221675.53,747375.68,465917.51,8382.33,54869552.00,23586951.00,2040895.00,1806930.00,1579455.00,25855321.00,46798666.79,21501861.00,14202203.89,5777654.87,2739913.70,3037741.17,3510017.03,2249905.45,1806930.00
27013,Blue Earth,7.00,11.00,64013.00,118704322.16,1854.38,-2916.88,305422697.81,4771.26,113668905.38,56264641.35,38319926.75,6515028.29,1259959.00,373540.00,8148527.29,8500945.00,150381.00,1054631.00,2434865.00,2129831.00,1801839.00,327992.00,0.00,0.00,2905585.78,1399681.24,1497792.21,8112.33,156161784.00,61898128.00,6845320.00,9337444.00,2129831.00,75951061.00,149260913.81,49974035.00,69921106.90,10607987.88,4965620.73,5642367.15,9420340.03,6756022.30,9337444.00
27011,Big Stone,6.00,7.00,5269.00,16142662.80,3063.71,-1201.12,22471385.98,4264.83,15577131.61,6665728.32,4923233.30,2273423.00,0.00,149154.00,2422577.00,1171303.00,174839.00,114088.29,394290.00,351747.00,233547.00,118200.00,0.00,0.00,213784.19,132130.07,79223.04,2431.08,14369054.00,6381981.00,567727.00,234819.00,351747.00,6832780.00,8102331.98,4033948.00,1532760.62,1302076.91,605175.04,696901.86,998727.46,228702.64,234819.00
27009,Benton,5.00,9.00,38451.00,80211105.34,2086.06,-2050.85,159068147.46,4136.91,75363651.71,41111860.73,26316571.98,3094783.00,463091.00,216538.00,3774412.00,2358276.00,17145.00,799433.29,1802531.00,1925929.00,1533347.00,390810.00,0.00,1772.00,2921524.63,1748577.24,1167533.14,5414.26,93560090.00,41827932.00,1345592.00,3606521.00,1925929.00,44854116.00,65508057.46,27497171.00,20932884.08,6362715.84,3036439.60,3326276.24,7108765.55,2838128.97,3606521.00
27007,Beltrami,4.00,2.00,44442.00,131650680.76,2962.30,-343.82,146930717.87,3306.12,128139406.57,61691801.78,53744897.49,4894277.00,472704.00,901897.30,6268878.30,3234798.00,8434.00,890710.29,3199031.00,1840922.00,1508812.00,295877.00,0.00,36233.00,1670352.19,864337.89,798585.05,7429.25,77045834.00,32470690.00,2631148.00,3421079.00,1840922.00,36681995.00,69884883.87,24445708.00,28653938.05,7017286.22,3351996.74,3665289.49,6346872.59,2681720.12,3421079.00
27005,Becker,3.00,4.00,32504.00,76357128.67,2349.16,-1834.28,135978723.68,4183.45,73197910.38,36227280.04,29297662.78,4132815.00,503077.57,486905.00,5122797.57,1531406.00,1578.00,874831.29,1018764.00,1768896.00,1406642.00,362254.00,0.00,0.00,1390322.29,854347.34,509853.71,26121.24,79191482.00,32214497.00,3286824.00,4094420.00,1768896.00,37826845.00,56787241.68,21547198.00,18979312.77,6216490.14,2986161.75,3230328.40,5949820.76,2138991.72,4094420.00
27003,Anoka,2.00,13.00,330844.00,675294334.62,2041.13,-2867.72,1624062553.66,4908.85,637491890.00,420061237.56,177393727.38,13436547.81,9684256.26,23609.00,23144413.07,3332033.00,287.00,4953158.00,13560479.00,8894355.00,8798134.00,90774.00,0.00,5447.00,28908089.62,21212371.79,7608154.69,87563.14,929123440.00,359000434.00,62063347.00,43497939.00,8894355.00,455667365.00,694939113.66,347469099.00,199413448.26,60094002.55,27999773.34,32094229.21,44464624.85,30936195.22,43497939.00
27001,Aitkin,1.00,3.00,16202.00,36240403.83,2236.79,-2081.03,69957311.42,4317.82,33851117.52,16122687.36,12381155.26,3776936.90,0.00,354826.00,4131762.90,904029.00,22446.00,272119.74,311483.00,1931527.00,801728.00,249101.00,880698.00,0.00,457759.32,237612.27,215697.96,4449.08,44439048.00,19104724.00,535141.00,2579659.00,1931527.00,20287997.00,25518263.42,8447266.00,7231666.05,3379297.35,1614852.04,1764445.31,3880375.02,515777.93,2579659.00
